<?xml version="1.0" encoding="UTF-8"?>
<export version="D">
  <design>
    <source>C:\Users\Hemanth\Documents\ieee\ieee\ieee.sch</source>
    <date>05/01/22 20:34:49</date>
    <tool>Eeschema (5.1.9)-1</tool>
    <sheet number="1" name="/" tstamps="/">
      <title_block>
        <title/>
        <company/>
        <rev/>
        <date/>
        <source>ieee.sch</source>
        <comment number="1" value=""/>
        <comment number="2" value=""/>
        <comment number="3" value=""/>
        <comment number="4" value=""/>
      </title_block>
    </sheet>
  </design>
  <components>
    <comp ref="J30">
      <value>Conn_01x05_Female</value>
      <footprint>Connector_PinHeader_2.54mm:PinHeader_1x05_P2.54mm_Vertical</footprint>
      <datasheet>~</datasheet>
      <libsource lib="Connector" part="Conn_01x05_Female" description="Generic connector, single row, 01x05, script generated (kicad-library-utils/schlib/autogen/connector/)"/>
      <sheetpath names="/" tstamps="/"/>
      <tstamp>627054D6</tstamp>
    </comp>
    <comp ref="J18">
      <value>Conn_01x01_Female</value>
      <footprint>Connector_PinHeader_2.54mm:PinHeader_1x01_P2.54mm_Vertical</footprint>
      <datasheet>~</datasheet>
      <libsource lib="Connector" part="Conn_01x01_Female" description="Generic connector, single row, 01x01, script generated (kicad-library-utils/schlib/autogen/connector/)"/>
      <sheetpath names="/" tstamps="/"/>
      <tstamp>626F9AF2</tstamp>
    </comp>
    <comp ref="A2">
      <value>Arduino_Nano_v2.x</value>
      <footprint>Module:Arduino_Nano</footprint>
      <datasheet>https://www.arduino.cc/en/uploads/Main/ArduinoNanoManual23.pdf</datasheet>
      <libsource lib="MCU_Module" part="Arduino_Nano_v2.x" description="Arduino Nano v2.x"/>
      <sheetpath names="/" tstamps="/"/>
      <tstamp>62528448</tstamp>
    </comp>
    <comp ref="J14">
      <value>Screw_Terminal_01x02</value>
      <footprint>TerminalBlock_MetzConnect:TerminalBlock_MetzConnect_Type059_RT06302HBWC_1x02_P3.50mm_Horizontal</footprint>
      <datasheet>~</datasheet>
      <libsource lib="Connector" part="Screw_Terminal_01x02" description="Generic screw terminal, single row, 01x02, script generated (kicad-library-utils/schlib/autogen/connector/)"/>
      <sheetpath names="/" tstamps="/"/>
      <tstamp>6252C5CC</tstamp>
    </comp>
    <comp ref="U1">
      <value>L293D</value>
      <footprint>Package_DIP:DIP-16_W7.62mm</footprint>
      <datasheet>http://www.ti.com/lit/ds/symlink/l293.pdf</datasheet>
      <libsource lib="Driver_Motor" part="L293D" description="Quadruple Half-H Drivers"/>
      <sheetpath names="/" tstamps="/"/>
      <tstamp>6281123F</tstamp>
    </comp>
    <comp ref="J12">
      <value>Screw_Terminal_01x02</value>
      <footprint>TerminalBlock_MetzConnect:TerminalBlock_MetzConnect_Type059_RT06302HBWC_1x02_P3.50mm_Horizontal</footprint>
      <datasheet>~</datasheet>
      <libsource lib="Connector" part="Screw_Terminal_01x02" description="Generic screw terminal, single row, 01x02, script generated (kicad-library-utils/schlib/autogen/connector/)"/>
      <sheetpath names="/" tstamps="/"/>
      <tstamp>626C3257</tstamp>
    </comp>
    <comp ref="J10">
      <value>Conn_01x05_Female</value>
      <footprint>Connector_PinHeader_2.54mm:PinHeader_1x05_P2.54mm_Vertical</footprint>
      <datasheet>~</datasheet>
      <libsource lib="Connector" part="Conn_01x05_Female" description="Generic connector, single row, 01x05, script generated (kicad-library-utils/schlib/autogen/connector/)"/>
      <sheetpath names="/" tstamps="/"/>
      <tstamp>627067D3</tstamp>
    </comp>
    <comp ref="U2">
      <value>L293D</value>
      <footprint>Package_DIP:DIP-16_W7.62mm</footprint>
      <datasheet>http://www.ti.com/lit/ds/symlink/l293.pdf</datasheet>
      <libsource lib="Driver_Motor" part="L293D" description="Quadruple Half-H Drivers"/>
      <sheetpath names="/" tstamps="/"/>
      <tstamp>6285E6FE</tstamp>
    </comp>
    <comp ref="J6">
      <value>Screw_Terminal_01x02</value>
      <footprint>TerminalBlock_MetzConnect:TerminalBlock_MetzConnect_Type059_RT06302HBWC_1x02_P3.50mm_Horizontal</footprint>
      <datasheet>~</datasheet>
      <libsource lib="Connector" part="Screw_Terminal_01x02" description="Generic screw terminal, single row, 01x02, script generated (kicad-library-utils/schlib/autogen/connector/)"/>
      <sheetpath names="/" tstamps="/"/>
      <tstamp>628793EA</tstamp>
    </comp>
    <comp ref="J5">
      <value>Screw_Terminal_01x02</value>
      <footprint>TerminalBlock_MetzConnect:TerminalBlock_MetzConnect_Type059_RT06302HBWC_1x02_P3.50mm_Horizontal</footprint>
      <datasheet>~</datasheet>
      <libsource lib="Connector" part="Screw_Terminal_01x02" description="Generic screw terminal, single row, 01x02, script generated (kicad-library-utils/schlib/autogen/connector/)"/>
      <sheetpath names="/" tstamps="/"/>
      <tstamp>62879D2E</tstamp>
    </comp>
    <comp ref="J1">
      <value>XT60-M</value>
      <footprint>XT60-M:AMASS_XT60-M</footprint>
      <fields>
        <field name="MANUFACTURER">AMASS</field>
        <field name="PARTREV">1.2</field>
        <field name="STANDARD">IPC-7251</field>
      </fields>
      <libsource lib="XT60-M" part="XT60-M" description=""/>
      <sheetpath names="/" tstamps="/"/>
      <tstamp>628A6F7C</tstamp>
    </comp>
    <comp ref="J2">
      <value>XT60-M</value>
      <footprint>XT60-M:AMASS_XT60-M</footprint>
      <fields>
        <field name="MANUFACTURER">AMASS</field>
        <field name="PARTREV">1.2</field>
        <field name="STANDARD">IPC-7251</field>
      </fields>
      <libsource lib="XT60-M" part="XT60-M" description=""/>
      <sheetpath names="/" tstamps="/"/>
      <tstamp>628B49FE</tstamp>
    </comp>
    <comp ref="J3">
      <value>Screw_Terminal_01x02</value>
      <footprint>TerminalBlock_MetzConnect:TerminalBlock_MetzConnect_Type059_RT06302HBWC_1x02_P3.50mm_Horizontal</footprint>
      <datasheet>~</datasheet>
      <libsource lib="Connector" part="Screw_Terminal_01x02" description="Generic screw terminal, single row, 01x02, script generated (kicad-library-utils/schlib/autogen/connector/)"/>
      <sheetpath names="/" tstamps="/"/>
      <tstamp>628C529C</tstamp>
    </comp>
    <comp ref="J4">
      <value>Screw_Terminal_01x02</value>
      <footprint>TerminalBlock_MetzConnect:TerminalBlock_MetzConnect_Type059_RT06302HBWC_1x02_P3.50mm_Horizontal</footprint>
      <datasheet>~</datasheet>
      <libsource lib="Connector" part="Screw_Terminal_01x02" description="Generic screw terminal, single row, 01x02, script generated (kicad-library-utils/schlib/autogen/connector/)"/>
      <sheetpath names="/" tstamps="/"/>
      <tstamp>628CDCE1</tstamp>
    </comp>
    <comp ref="J28">
      <value>Conn_01x08_Female</value>
      <footprint>Connector_PinHeader_2.54mm:PinHeader_1x08_P2.54mm_Vertical</footprint>
      <datasheet>~</datasheet>
      <libsource lib="Connector" part="Conn_01x08_Female" description="Generic connector, single row, 01x08, script generated (kicad-library-utils/schlib/autogen/connector/)"/>
      <sheetpath names="/" tstamps="/"/>
      <tstamp>626F579B</tstamp>
    </comp>
    <comp ref="J27">
      <value>Conn_01x01_Female</value>
      <footprint>Connector_PinHeader_2.54mm:PinHeader_1x01_P2.54mm_Vertical</footprint>
      <datasheet>~</datasheet>
      <libsource lib="Connector" part="Conn_01x01_Female" description="Generic connector, single row, 01x01, script generated (kicad-library-utils/schlib/autogen/connector/)"/>
      <sheetpath names="/" tstamps="/"/>
      <tstamp>626F92BB</tstamp>
    </comp>
    <comp ref="J9">
      <value>Conn_01x01_Female</value>
      <footprint>Connector_PinHeader_2.54mm:PinHeader_1x01_P2.54mm_Vertical</footprint>
      <datasheet>~</datasheet>
      <libsource lib="Connector" part="Conn_01x01_Female" description="Generic connector, single row, 01x01, script generated (kicad-library-utils/schlib/autogen/connector/)"/>
      <sheetpath names="/" tstamps="/"/>
      <tstamp>62997EEB</tstamp>
    </comp>
    <comp ref="J11">
      <value>Conn_01x01_Female</value>
      <footprint>Connector_PinHeader_2.54mm:PinHeader_1x01_P2.54mm_Vertical</footprint>
      <datasheet>~</datasheet>
      <libsource lib="Connector" part="Conn_01x01_Female" description="Generic connector, single row, 01x01, script generated (kicad-library-utils/schlib/autogen/connector/)"/>
      <sheetpath names="/" tstamps="/"/>
      <tstamp>62999882</tstamp>
    </comp>
    <comp ref="J7">
      <value>Conn_01x02_Female</value>
      <footprint>Connector_PinHeader_2.54mm:PinHeader_1x02_P2.54mm_Vertical</footprint>
      <datasheet>~</datasheet>
      <libsource lib="Connector" part="Conn_01x02_Female" description="Generic connector, single row, 01x02, script generated (kicad-library-utils/schlib/autogen/connector/)"/>
      <sheetpath names="/" tstamps="/"/>
      <tstamp>6299C05C</tstamp>
    </comp>
    <comp ref="J13">
      <value>Conn_01x01_Female</value>
      <footprint>Connector_PinHeader_2.54mm:PinHeader_1x01_P2.54mm_Vertical</footprint>
      <datasheet>~</datasheet>
      <libsource lib="Connector" part="Conn_01x01_Female" description="Generic connector, single row, 01x01, script generated (kicad-library-utils/schlib/autogen/connector/)"/>
      <sheetpath names="/" tstamps="/"/>
      <tstamp>629B6807</tstamp>
    </comp>
    <comp ref="J15">
      <value>Conn_01x01_Female</value>
      <footprint>Connector_PinHeader_2.54mm:PinHeader_1x01_P2.54mm_Vertical</footprint>
      <datasheet>~</datasheet>
      <libsource lib="Connector" part="Conn_01x01_Female" description="Generic connector, single row, 01x01, script generated (kicad-library-utils/schlib/autogen/connector/)"/>
      <sheetpath names="/" tstamps="/"/>
      <tstamp>629B8076</tstamp>
    </comp>
    <comp ref="J8">
      <value>Conn_01x11_Female</value>
      <footprint>Connector_PinHeader_2.54mm:PinHeader_1x11_P2.54mm_Vertical</footprint>
      <datasheet>~</datasheet>
      <libsource lib="Connector" part="Conn_01x11_Female" description="Generic connector, single row, 01x11, script generated (kicad-library-utils/schlib/autogen/connector/)"/>
      <sheetpath names="/" tstamps="/"/>
      <tstamp>629D14CC</tstamp>
    </comp>
    <comp ref="J16">
      <value>Conn_01x01_Female</value>
      <footprint>Connector_PinHeader_2.54mm:PinHeader_1x01_P2.54mm_Vertical</footprint>
      <datasheet>~</datasheet>
      <libsource lib="Connector" part="Conn_01x01_Female" description="Generic connector, single row, 01x01, script generated (kicad-library-utils/schlib/autogen/connector/)"/>
      <sheetpath names="/" tstamps="/"/>
      <tstamp>629D2EEA</tstamp>
    </comp>
    <comp ref="J17">
      <value>Conn_01x01_Female</value>
      <footprint>Connector_PinHeader_2.54mm:PinHeader_1x01_P2.54mm_Vertical</footprint>
      <datasheet>~</datasheet>
      <libsource lib="Connector" part="Conn_01x01_Female" description="Generic connector, single row, 01x01, script generated (kicad-library-utils/schlib/autogen/connector/)"/>
      <sheetpath names="/" tstamps="/"/>
      <tstamp>629D3DC5</tstamp>
    </comp>
    <comp ref="J19">
      <value>Conn_01x01_Female</value>
      <footprint>Connector_PinHeader_2.54mm:PinHeader_1x01_P2.54mm_Vertical</footprint>
      <datasheet>~</datasheet>
      <libsource lib="Connector" part="Conn_01x01_Female" description="Generic connector, single row, 01x01, script generated (kicad-library-utils/schlib/autogen/connector/)"/>
      <sheetpath names="/" tstamps="/"/>
      <tstamp>629D4E6E</tstamp>
    </comp>
  </components>
  <libparts>
    <libpart lib="Connector" part="Conn_01x01_Female">
      <description>Generic connector, single row, 01x01, script generated (kicad-library-utils/schlib/autogen/connector/)</description>
      <docs>~</docs>
      <footprints>
        <fp>Connector*:*</fp>
      </footprints>
      <fields>
        <field name="Reference">J</field>
        <field name="Value">Conn_01x01_Female</field>
      </fields>
      <pins>
        <pin num="1" name="Pin_1" type="passive"/>
      </pins>
    </libpart>
    <libpart lib="Connector" part="Conn_01x02_Female">
      <description>Generic connector, single row, 01x02, script generated (kicad-library-utils/schlib/autogen/connector/)</description>
      <docs>~</docs>
      <footprints>
        <fp>Connector*:*_1x??_*</fp>
      </footprints>
      <fields>
        <field name="Reference">J</field>
        <field name="Value">Conn_01x02_Female</field>
      </fields>
      <pins>
        <pin num="1" name="Pin_1" type="passive"/>
        <pin num="2" name="Pin_2" type="passive"/>
      </pins>
    </libpart>
    <libpart lib="Connector" part="Conn_01x05_Female">
      <description>Generic connector, single row, 01x05, script generated (kicad-library-utils/schlib/autogen/connector/)</description>
      <docs>~</docs>
      <footprints>
        <fp>Connector*:*_1x??_*</fp>
      </footprints>
      <fields>
        <field name="Reference">J</field>
        <field name="Value">Conn_01x05_Female</field>
      </fields>
      <pins>
        <pin num="1" name="Pin_1" type="passive"/>
        <pin num="2" name="Pin_2" type="passive"/>
        <pin num="3" name="Pin_3" type="passive"/>
        <pin num="4" name="Pin_4" type="passive"/>
        <pin num="5" name="Pin_5" type="passive"/>
      </pins>
    </libpart>
    <libpart lib="Connector" part="Conn_01x08_Female">
      <description>Generic connector, single row, 01x08, script generated (kicad-library-utils/schlib/autogen/connector/)</description>
      <docs>~</docs>
      <footprints>
        <fp>Connector*:*_1x??_*</fp>
      </footprints>
      <fields>
        <field name="Reference">J</field>
        <field name="Value">Conn_01x08_Female</field>
      </fields>
      <pins>
        <pin num="1" name="Pin_1" type="passive"/>
        <pin num="2" name="Pin_2" type="passive"/>
        <pin num="3" name="Pin_3" type="passive"/>
        <pin num="4" name="Pin_4" type="passive"/>
        <pin num="5" name="Pin_5" type="passive"/>
        <pin num="6" name="Pin_6" type="passive"/>
        <pin num="7" name="Pin_7" type="passive"/>
        <pin num="8" name="Pin_8" type="passive"/>
      </pins>
    </libpart>
    <libpart lib="Connector" part="Conn_01x11_Female">
      <description>Generic connector, single row, 01x11, script generated (kicad-library-utils/schlib/autogen/connector/)</description>
      <docs>~</docs>
      <footprints>
        <fp>Connector*:*_1x??_*</fp>
      </footprints>
      <fields>
        <field name="Reference">J</field>
        <field name="Value">Conn_01x11_Female</field>
      </fields>
      <pins>
        <pin num="1" name="Pin_1" type="passive"/>
        <pin num="2" name="Pin_2" type="passive"/>
        <pin num="3" name="Pin_3" type="passive"/>
        <pin num="4" name="Pin_4" type="passive"/>
        <pin num="5" name="Pin_5" type="passive"/>
        <pin num="6" name="Pin_6" type="passive"/>
        <pin num="7" name="Pin_7" type="passive"/>
        <pin num="8" name="Pin_8" type="passive"/>
        <pin num="9" name="Pin_9" type="passive"/>
        <pin num="10" name="Pin_10" type="passive"/>
        <pin num="11" name="Pin_11" type="passive"/>
      </pins>
    </libpart>
    <libpart lib="Connector" part="Screw_Terminal_01x02">
      <description>Generic screw terminal, single row, 01x02, script generated (kicad-library-utils/schlib/autogen/connector/)</description>
      <docs>~</docs>
      <footprints>
        <fp>TerminalBlock*:*</fp>
      </footprints>
      <fields>
        <field name="Reference">J</field>
        <field name="Value">Screw_Terminal_01x02</field>
      </fields>
      <pins>
        <pin num="1" name="Pin_1" type="passive"/>
        <pin num="2" name="Pin_2" type="passive"/>
      </pins>
    </libpart>
    <libpart lib="Driver_Motor" part="L293">
      <aliases>
        <alias>L293D</alias>
      </aliases>
      <description>Quadruple Half-H Drivers</description>
      <docs>http://www.ti.com/lit/ds/symlink/l293.pdf</docs>
      <footprints>
        <fp>DIP*W7.62mm*</fp>
      </footprints>
      <fields>
        <field name="Reference">U</field>
        <field name="Value">L293</field>
        <field name="Footprint">Package_DIP:DIP-16_W7.62mm</field>
      </fields>
      <pins>
        <pin num="1" name="EN1,2" type="input"/>
        <pin num="2" name="1A" type="input"/>
        <pin num="3" name="1Y" type="output"/>
        <pin num="4" name="GND" type="power_in"/>
        <pin num="5" name="GND" type="power_in"/>
        <pin num="6" name="2Y" type="output"/>
        <pin num="7" name="2A" type="input"/>
        <pin num="8" name="VCC2" type="power_in"/>
        <pin num="9" name="EN3,4" type="input"/>
        <pin num="10" name="3A" type="input"/>
        <pin num="11" name="3Y" type="output"/>
        <pin num="12" name="GND" type="power_in"/>
        <pin num="13" name="GND" type="power_in"/>
        <pin num="14" name="4Y" type="output"/>
        <pin num="15" name="4A" type="input"/>
        <pin num="16" name="VCC1" type="power_in"/>
      </pins>
    </libpart>
    <libpart lib="MCU_Module" part="Arduino_Nano_v2.x">
      <aliases>
        <alias>Arduino_Nano_v3.x</alias>
      </aliases>
      <description>Arduino Nano v2.x</description>
      <docs>https://www.arduino.cc/en/uploads/Main/ArduinoNanoManual23.pdf</docs>
      <footprints>
        <fp>Arduino*Nano*</fp>
      </footprints>
      <fields>
        <field name="Reference">A</field>
        <field name="Value">Arduino_Nano_v2.x</field>
        <field name="Footprint">Module:Arduino_Nano</field>
      </fields>
      <pins>
        <pin num="1" name="D1/TX" type="BiDi"/>
        <pin num="2" name="D0/RX" type="BiDi"/>
        <pin num="3" name="~RESET" type="input"/>
        <pin num="4" name="GND" type="power_in"/>
        <pin num="5" name="D2" type="BiDi"/>
        <pin num="6" name="D3" type="BiDi"/>
        <pin num="7" name="D4" type="BiDi"/>
        <pin num="8" name="D5" type="BiDi"/>
        <pin num="9" name="D6" type="BiDi"/>
        <pin num="10" name="D7" type="BiDi"/>
        <pin num="11" name="D8" type="BiDi"/>
        <pin num="12" name="D9" type="BiDi"/>
        <pin num="13" name="D10" type="BiDi"/>
        <pin num="14" name="D11" type="BiDi"/>
        <pin num="15" name="D12" type="BiDi"/>
        <pin num="16" name="D13" type="BiDi"/>
        <pin num="17" name="3V3" type="power_out"/>
        <pin num="18" name="AREF" type="input"/>
        <pin num="19" name="A0" type="BiDi"/>
        <pin num="20" name="A1" type="BiDi"/>
        <pin num="21" name="A2" type="BiDi"/>
        <pin num="22" name="A3" type="BiDi"/>
        <pin num="23" name="A4" type="BiDi"/>
        <pin num="24" name="A5" type="BiDi"/>
        <pin num="25" name="A6" type="BiDi"/>
        <pin num="26" name="A7" type="BiDi"/>
        <pin num="27" name="+5V" type="power_out"/>
        <pin num="28" name="~RESET" type="input"/>
        <pin num="29" name="GND" type="power_in"/>
        <pin num="30" name="VIN" type="power_in"/>
      </pins>
    </libpart>
    <libpart lib="XT60-M" part="XT60-M">
      <fields>
        <field name="Reference">J</field>
        <field name="Value">XT60-M</field>
        <field name="Footprint">AMASS_XT60-M</field>
        <field name="MANUFACTURER">AMASS</field>
        <field name="STANDARD">IPC-7251</field>
        <field name="PARTREV">1.2</field>
      </fields>
      <pins>
        <pin num="1" name="-" type="passive"/>
        <pin num="2" name="+" type="passive"/>
      </pins>
    </libpart>
  </libparts>
  <libraries>
    <library logical="Connector">
      <uri>C:\Program Files\KiCad\share\kicad\library/Connector.lib</uri>
    </library>
    <library logical="Driver_Motor">
      <uri>C:\Program Files\KiCad\share\kicad\library/Driver_Motor.lib</uri>
    </library>
    <library logical="MCU_Module">
      <uri>C:\Program Files\KiCad\share\kicad\library/MCU_Module.lib</uri>
    </library>
    <library logical="XT60-M">
      <uri>C:\Users\Hemanth\Downloads\XT60-M\XT60-M.lib</uri>
    </library>
  </libraries>
  <nets>
    <net code="1" name="Net-(J1-Pad2)">
      <node ref="U1" pin="8"/>
      <node ref="J3" pin="2"/>
      <node ref="J1" pin="2"/>
    </net>
    <net code="2" name="Net-(J2-Pad2)">
      <node ref="J4" pin="2"/>
      <node ref="J2" pin="2"/>
      <node ref="U2" pin="8"/>
    </net>
    <net code="3" name="Net-(J6-Pad1)">
      <node ref="U2" pin="11"/>
      <node ref="J6" pin="1"/>
    </net>
    <net code="4" name="Net-(J5-Pad1)">
      <node ref="J5" pin="1"/>
      <node ref="U2" pin="3"/>
    </net>
    <net code="5" name="Net-(J5-Pad2)">
      <node ref="J5" pin="2"/>
      <node ref="U2" pin="6"/>
    </net>
    <net code="6" name="Net-(J6-Pad2)">
      <node ref="U2" pin="14"/>
      <node ref="J6" pin="2"/>
    </net>
    <net code="7" name="Net-(A2-Pad16)">
      <node ref="U2" pin="2"/>
      <node ref="A2" pin="16"/>
      <node ref="J16" pin="1"/>
    </net>
    <net code="8" name="GND">
      <node ref="J10" pin="4"/>
      <node ref="J10" pin="2"/>
      <node ref="J1" pin="1"/>
      <node ref="J10" pin="5"/>
      <node ref="J10" pin="1"/>
      <node ref="J10" pin="3"/>
      <node ref="U2" pin="4"/>
      <node ref="J4" pin="1"/>
      <node ref="J3" pin="1"/>
      <node ref="J2" pin="1"/>
      <node ref="U1" pin="4"/>
    </net>
    <net code="9" name="Net-(A2-Pad9)">
      <node ref="J8" pin="7"/>
      <node ref="U2" pin="1"/>
      <node ref="A2" pin="9"/>
    </net>
    <net code="10" name="Net-(A2-Pad15)">
      <node ref="U1" pin="15"/>
      <node ref="J8" pin="1"/>
      <node ref="A2" pin="15"/>
    </net>
    <net code="11" name="Net-(A2-Pad29)">
      <node ref="A2" pin="29"/>
      <node ref="J15" pin="1"/>
    </net>
    <net code="12" name="Net-(A2-Pad4)">
      <node ref="A2" pin="4"/>
      <node ref="J13" pin="1"/>
    </net>
    <net code="13" name="Net-(A2-Pad2)">
      <node ref="A2" pin="2"/>
      <node ref="J7" pin="2"/>
    </net>
    <net code="14" name="Net-(A2-Pad1)">
      <node ref="A2" pin="1"/>
      <node ref="J7" pin="1"/>
    </net>
    <net code="15" name="Net-(A2-Pad3)">
      <node ref="A2" pin="3"/>
      <node ref="J11" pin="1"/>
    </net>
    <net code="16" name="Net-(A2-Pad28)">
      <node ref="A2" pin="28"/>
      <node ref="J9" pin="1"/>
    </net>
    <net code="17" name="Net-(A2-Pad17)">
      <node ref="A2" pin="17"/>
      <node ref="J17" pin="1"/>
    </net>
    <net code="18" name="Net-(U1-Pad5)">
      <node ref="U1" pin="5"/>
    </net>
    <net code="19" name="Net-(U1-Pad13)">
      <node ref="U1" pin="13"/>
    </net>
    <net code="20" name="Net-(U1-Pad12)">
      <node ref="U1" pin="12"/>
    </net>
    <net code="21" name="Net-(U2-Pad13)">
      <node ref="U2" pin="13"/>
    </net>
    <net code="22" name="Net-(U2-Pad12)">
      <node ref="U2" pin="12"/>
    </net>
    <net code="23" name="Net-(U2-Pad5)">
      <node ref="U2" pin="5"/>
    </net>
    <net code="24" name="Net-(U2-Pad16)">
      <node ref="U2" pin="16"/>
    </net>
    <net code="25" name="Net-(A2-Pad19)">
      <node ref="J28" pin="1"/>
      <node ref="A2" pin="19"/>
    </net>
    <net code="26" name="Net-(A2-Pad20)">
      <node ref="A2" pin="20"/>
      <node ref="J28" pin="2"/>
    </net>
    <net code="27" name="Net-(A2-Pad21)">
      <node ref="A2" pin="21"/>
      <node ref="J28" pin="3"/>
    </net>
    <net code="28" name="Net-(A2-Pad22)">
      <node ref="J28" pin="4"/>
      <node ref="A2" pin="22"/>
    </net>
    <net code="29" name="Net-(A2-Pad23)">
      <node ref="J28" pin="5"/>
      <node ref="A2" pin="23"/>
    </net>
    <net code="30" name="Net-(A2-Pad24)">
      <node ref="A2" pin="24"/>
      <node ref="J28" pin="6"/>
    </net>
    <net code="31" name="Net-(A2-Pad25)">
      <node ref="A2" pin="25"/>
      <node ref="J28" pin="7"/>
    </net>
    <net code="32" name="Net-(A2-Pad26)">
      <node ref="A2" pin="26"/>
      <node ref="J28" pin="8"/>
    </net>
    <net code="33" name="Net-(A2-Pad18)">
      <node ref="J27" pin="1"/>
      <node ref="A2" pin="18"/>
    </net>
    <net code="34" name="Net-(A2-Pad30)">
      <node ref="A2" pin="30"/>
      <node ref="J18" pin="1"/>
    </net>
    <net code="35" name="Net-(J12-Pad2)">
      <node ref="U1" pin="14"/>
      <node ref="J12" pin="2"/>
    </net>
    <net code="36" name="Net-(J12-Pad1)">
      <node ref="J12" pin="1"/>
      <node ref="U1" pin="11"/>
    </net>
    <net code="37" name="Net-(J14-Pad2)">
      <node ref="U1" pin="6"/>
      <node ref="J14" pin="2"/>
    </net>
    <net code="38" name="Net-(J14-Pad1)">
      <node ref="U1" pin="3"/>
      <node ref="J14" pin="1"/>
    </net>
    <net code="39" name="Net-(A2-Pad14)">
      <node ref="U1" pin="1"/>
      <node ref="J8" pin="2"/>
      <node ref="A2" pin="14"/>
    </net>
    <net code="40" name="Net-(A2-Pad11)">
      <node ref="J8" pin="5"/>
      <node ref="A2" pin="11"/>
      <node ref="U1" pin="10"/>
    </net>
    <net code="41" name="Net-(A2-Pad27)">
      <node ref="U1" pin="16"/>
      <node ref="J30" pin="1"/>
      <node ref="J30" pin="2"/>
      <node ref="J30" pin="3"/>
      <node ref="A2" pin="27"/>
      <node ref="J30" pin="4"/>
      <node ref="J19" pin="1"/>
      <node ref="J30" pin="5"/>
    </net>
    <net code="42" name="Net-(A2-Pad12)">
      <node ref="J8" pin="4"/>
      <node ref="A2" pin="12"/>
      <node ref="U2" pin="9"/>
    </net>
    <net code="43" name="Net-(A2-Pad5)">
      <node ref="J8" pin="11"/>
      <node ref="A2" pin="5"/>
      <node ref="U2" pin="7"/>
    </net>
    <net code="44" name="Net-(A2-Pad10)">
      <node ref="A2" pin="10"/>
      <node ref="U1" pin="7"/>
      <node ref="J8" pin="6"/>
    </net>
    <net code="45" name="Net-(A2-Pad8)">
      <node ref="A2" pin="8"/>
      <node ref="U1" pin="2"/>
      <node ref="J8" pin="8"/>
    </net>
    <net code="46" name="Net-(A2-Pad7)">
      <node ref="J8" pin="9"/>
      <node ref="U2" pin="15"/>
      <node ref="A2" pin="7"/>
    </net>
    <net code="47" name="Net-(A2-Pad6)">
      <node ref="U2" pin="10"/>
      <node ref="A2" pin="6"/>
      <node ref="J8" pin="10"/>
    </net>
    <net code="48" name="Net-(A2-Pad13)">
      <node ref="J8" pin="3"/>
      <node ref="U1" pin="9"/>
      <node ref="A2" pin="13"/>
    </net>
  </nets>
</export>
